rank,run,MAP,P@20,nDCG@20
1,student.run,0.34588041213903414,0.52,0.5771079060620147
